Fulton	NP	Fulton
County	NP	County
Jury	NP	Jury
Atlanta's	NP	Atlanta's
City	NP	City
Committee	NP	Committee
Atlanta	NP	Atlanta
September-October	NP	September-October
Court	NP	Court
Judge	NP	Judge
Durwood	NP	Durwood
Pye	NP	Pye
Mayor-nominate	NP	Mayor-nominate
Ivan	NP	Ivan
Allen	NP	Allen
Jr.	NP	Jr.
Georgia's	NP	Georgia's
two	CD	two
Department	NP	Department
Legislature	NP	Legislature
State	NP	State
Welfare	NP	Welfare
one	CD	one
Bar	NP	Bar
Association	NP	Association
Jan.	NP	Jan.
1	CD	1
Four	CD	Four
Jail	NP	Jail
2	CD	2
Tax	NP	Tax
Office	NP	Office
Bellwood	NP	Bellwood
Alpharetta	NP	Alpharetta
Grady	NP	Grady
Hospital	NP	Hospital
Health	NP	Health
Mayor	NP	Mayor
William	NP	William
B.	NP	B.
Hartsfield	NP	Hartsfield
Pearl	NP	Pearl
Williams	NP	Williams
Aug.	NP	Aug.
1913	CD	1913
Berry	NP	Berry
Mrs.	NP	Mrs.
J.	NP	J.
M.	NP	M.
Cheshire	NP	Cheshire
Griffin	NP	Griffin
71	CD	71
74	CD	74
Opelika	NP	Opelika
Ala.	NP	Ala.
637	CD	637
E.	NP	E.
Pelham	NP	Pelham
Rd.	NP	Rd.
Henry	NP	Henry
L.	NP	L.
Bowden	NP	Bowden
1937	CD	1937
1923	CD	1923
Sept.	NP	Sept.
13	CD	13
Georgia	NP	Georgia
1962	CD	1962
Robert	NP	Robert
Snodgrass	NP	Snodgrass
Ridge	NP	Ridge
Party	NP	Party
Chairman	NP	Chairman
James	NP	James
W.	NP	W.
Dorsey	NP	Dorsey
8	CD	8
Savannah	NP	Savannah
Texas	NP	Texas
Sen.	NP	Sen.
John	NP	John
Tower	NP	Tower
Five	CD	Five
Sam	NP	Sam
Caldwell	NP	Caldwell
Highway	NP	Highway
Lt.	NP	Lt.
Gov.	NP	Gov.
Garland	NP	Garland
Byrd's	NP	Byrd's
Caldwell's	NP	Caldwell's
Rob	NP	Rob
Ledford	NP	Ledford
Gainesville	NP	Gainesville
three	CD	three
Byrd	NP	Byrd
1961	CD	1961
Senate	NP	Senate
Vandiver	NP	Vandiver
million	CD	million
Authority	NP	Authority
1958	CD	1958
Marvin	NP	Marvin
Constitution	NP	Constitution
Schley	NP	Schley
Rep.	NP	Rep.
D.	NP	D.
House	NP	House
87-31	CD	87-31
29-5	CD	29-5
November	NP	November
Jackson	NP	Jackson
Mac	NP	Mac
Barber	NP	Barber
Commerce	NP	Commerce
Washington	NP	Washington
Congress	NP	Congress
Board	NP	Board
Education	NP	Education
Colquitt	NP	Colquitt
Miller	NP	Miller
Harry	NP	Harry
Davis	NP	Davis
Felix	NP	Felix
Bush	NP	Bush
1,119	CD	1,119
402	CD	402
Ordinary	NP	Ordinary
Carey	NP	Carey
Policeman	NP	Policeman
Tom	NP	Tom
George	NP	George
P.	NP	P.
Callan	NP	Callan
March	NP	March
18	CD	18
four	CD	four
Sheriff	NP	Sheriff
Tabb	NP	Tabb
Austin	NP	Austin
Price	NP	Price
Daniel's	NP	Daniel's
Daniel	NP	Daniel
Revenue	NP	Revenue
Taxation	NP	Taxation
17	CD	17
63	CD	63
31	CD	31
seven	CD	seven
Dewey	NP	Dewey
Lawrence	NP	Lawrence
Tyler	NP	Tyler
Charles	NP	Charles
Hughes	NP	Hughes
Sherman	NP	Sherman
Scott	NP	Scott
Hudson	NP	Hudson
Gaynor	NP	Gaynor
Jones	NP	Jones
Houston	NP	Houston
Brady	NP	Brady
Harlingen	NP	Harlingen
Howard	NP	Howard
Cox	NP	Cox
Parkhouse	NP	Parkhouse
Dallas	NP	Dallas
Agency	NP	Agency
300,000	CD	300,000
6	CD	6
School	NP	School
five	CD	five
Harris	NP	Harris
Bexar	NP	Bexar
Tarrant	NP	Tarrant
El	NP	El
Paso	NP	Paso
182	CD	182
V.	NP	V.
Red	NP	Red
Joe	NP	Joe
Ratcliff	NP	Ratcliff
Berry's	NP	Berry's
San	NP	San
Antonio	NP	Antonio
One	CD	One
Beaumont	NP	Beaumont
Navigation	NP	Navigation
District	NP	District
Lamar	NP	Lamar
county	NP	county
A.	NP	A.
R.	NP	R.
Schwartz	NP	Schwartz
Galveston	NP	Galveston
Gulf	NP	Gulf
Coast	NP	Coast
Two	CD	Two
Louis	NP	Louis
Crump	NP	Crump
Saba	NP	Saba
17,000	CD	17,000
Research	NP	Research
League	NP	League
Aikin	NP	Aikin
Paris	NP	Paris
Frank	NP	Frank
Owen	NP	Owen
3	CD	3
Marshall	NP	Marshall
Formby	NP	Formby
Plainview	NP	Plainview
Commission	NP	Commission
Formby's	NP	Formby's
81	CD	81
65	CD	65
April	NP	April
4	CD	4
U.S.	NP	U.S.
Wesley	NP	Wesley
Roberts	NP	Roberts
Seminole	NP	Seminole
Texan	NP	Texan
Bill	NP	Bill
Hollowell	NP	Hollowell
Feb.	NP	Feb.
22	CD	22
Paradise	NP	Paradise
Texas'	NP	Texas'
Cotten	NP	Cotten
Weatherford	NP	Weatherford
Fort	NP	Fort
Worth	NP	Worth
Wise	NP	Wise
250	CD	250
114	CD	114
Cotten's	NP	Cotten's
Buchanan	NP	Buchanan
Dumas	NP	Dumas
Eligio	NP	Eligio
Kika	NP	Kika
De	NP	De
La	NP	La
Garza	NP	Garza
Mission	NP	Mission
F.	NP	F.
Collins	NP	Collins
Newton	NP	Newton
Chapman	NP	Chapman
Sulphur	NP	Sulphur
C.	NP	C.
Grover	NP	Grover
24	CD	24
12	CD	12
30	CD	30
English	NP	English
Fifty-three	CD	Fifty-three
150	CD	150
College	NP	College
Dr.	NP	Dr.
Clarence	NP	Clarence
Clark	NP	Clark
Hays	NP	Hays
Kan.	NP	Kan.
McLemore	NP	McLemore
Doctor	NP	Doctor
University	NP	University
Oklahoma	NP	Oklahoma
Master	NP	Master
Science	NP	Science
Bachelor	NP	Bachelor
Okla.	NP	Okla.
Rhode	NP	Rhode
Island	NP	Island
Massachusetts	NP	Massachusetts
Institute	NP	Institute
Technology	NP	Technology
Raymondville	NP	Raymondville
Signal	NP	Signal
Corps	NP	Corps
Army	NP	Army
Denton	NP	Denton
1961-62	CD	1961-62
Supt.	NP	Supt.
Chester	NP	Chester
O.	NP	O.
Strickland	NP	Strickland
Cook	NP	Cook
York	NP	York
10	CD	10
100,000	CD	100,000
4.4	CD	4.4
Virgil	NP	Virgil
Martin	NP	Martin
Carson	NP	Carson
Pirie	NP	Pirie
Co.	NP	Co.

